-- phpMyAdmin SQL Dump
-- version 4.5.1
-- http://www.phpmyadmin.net
--
-- Host: 127.0.0.1
-- Generation Time: 26 Sep 2018 pada 16.40
-- Versi Server: 10.1.16-MariaDB
-- PHP Version: 5.6.24

SET SQL_MODE = "NO_AUTO_VALUE_ON_ZERO";
SET time_zone = "+00:00";


/*!40101 SET @OLD_CHARACTER_SET_CLIENT=@@CHARACTER_SET_CLIENT */;
/*!40101 SET @OLD_CHARACTER_SET_RESULTS=@@CHARACTER_SET_RESULTS */;
/*!40101 SET @OLD_COLLATION_CONNECTION=@@COLLATION_CONNECTION */;
/*!40101 SET NAMES utf8mb4 */;

--
-- Database: `ci-login`
--

-- --------------------------------------------------------

--
-- Struktur dari tabel `anggota_piket`
--

CREATE TABLE `anggota_piket` (
  `id` int(11) NOT NULL,
  `event_id` int(11) NOT NULL,
  `nrp` varchar(25) NOT NULL,
  `status` varchar(20) DEFAULT NULL
) ENGINE=InnoDB DEFAULT CHARSET=latin1;

--
-- Dumping data untuk tabel `anggota_piket`
--

INSERT INTO `anggota_piket` (`id`, `event_id`, `nrp`, `status`) VALUES
(20, 12326, '2147483647', NULL),
(21, 12326, '17161273', NULL),
(22, 12326, '161710270', NULL),
(23, 12326, '171661812', NULL),
(24, 12326, '161710265', NULL),
(25, 12327, '171661812', NULL),
(26, 12327, '161710265', NULL),
(27, 12327, '2147483647', NULL),
(28, 12327, '17161273', NULL),
(29, 12327, '161710270', NULL),
(30, 12328, '17161273', NULL),
(31, 12328, '16771892', NULL),
(32, 12328, '1514123', NULL),
(33, 12328, '2147483647', NULL),
(34, 12328, '161710270', NULL),
(35, 12329, '141527384', NULL),
(36, 12329, '1716283849', NULL),
(37, 12329, '2147483647', NULL),
(38, 12329, '171661812', NULL),
(39, 12329, '161710270', NULL);

-- --------------------------------------------------------

--
-- Struktur dari tabel `events`
--

CREATE TABLE `events` (
  `id` int(11) NOT NULL,
  `title` varchar(255) NOT NULL,
  `description` text NOT NULL,
  `start` datetime NOT NULL,
  `end` datetime DEFAULT NULL,
  `allDay` varchar(50) NOT NULL DEFAULT 'true'
) ENGINE=InnoDB DEFAULT CHARSET=utf8;

--
-- Dumping data untuk tabel `events`
--

INSERT INTO `events` (`id`, `title`, `description`, `start`, `end`, `allDay`) VALUES
(12326, 'piket ', 'harus jaga kalo tidak ada nenek', '2018-09-17 02:34:00', '2018-09-19 00:34:00', 'true'),
(12327, 'assalam', 'bisa', '2018-09-08 13:00:00', '2018-09-11 01:00:00', 'true'),
(12328, 'istana raja', 'situbuntu', '2018-09-19 00:34:00', '2018-09-21 13:45:00', 'true'),
(12329, 'jauh', 'piket nya yang jauh', '2018-09-28 00:00:00', '2018-09-30 00:22:00', 'true');

-- --------------------------------------------------------

--
-- Struktur dari tabel `jadwal`
--

CREATE TABLE `jadwal` (
  `kalender_view` varchar(20) NOT NULL
) ENGINE=InnoDB DEFAULT CHARSET=latin1;

-- --------------------------------------------------------

--
-- Struktur dari tabel `lokasi`
--

CREATE TABLE `lokasi` (
  `id` int(11) NOT NULL,
  `nama_lok` varchar(30) NOT NULL,
  `nama_post` varchar(250) NOT NULL,
  `latitude` text NOT NULL,
  `longitude` text NOT NULL
) ENGINE=InnoDB DEFAULT CHARSET=latin1;

--
-- Dumping data untuk tabel `lokasi`
--

INSERT INTO `lokasi` (`id`, `nama_lok`, `nama_post`, `latitude`, `longitude`) VALUES
(6, 'AEGIS', 'PT.Aegis Ultima Teknologi', '-6.948886', '107.638359');

-- --------------------------------------------------------

--
-- Struktur dari tabel `personal`
--

CREATE TABLE `personal` (
  `nrp` int(11) NOT NULL,
  `nama` varchar(30) NOT NULL,
  `pangkat` varchar(25) NOT NULL,
  `jabatan` varchar(20) NOT NULL,
  `status` varchar(20) NOT NULL,
  `jenis_kelamin` varchar(20) NOT NULL
) ENGINE=InnoDB DEFAULT CHARSET=latin1;

--
-- Dumping data untuk tabel `personal`
--

INSERT INTO `personal` (`nrp`, `nama`, `pangkat`, `jabatan`, `status`, `jenis_kelamin`) VALUES
(1514123, 'deni', 'biasa', 'bagus', 'Aktif', 'laki-laki'),
(1654261, 'yuuuu', 'iha', 'iha', 'Aktif', 'laki-laki'),
(16771892, 'cincau', 'safgd', 'asdsf', 'Aktif', 'laki-laki'),
(17161273, 'hah', 'haha', 'hahahahhahaha', 'Aktif', 'laki-laki'),
(141527384, 'OK', 'pl', 'pl', 'Aktif', 'laki-laki'),
(161710265, 'Dandi', 'mantap', 'ok', 'Aktif', 'laki-laki'),
(161710270, 'saha weh', 'okok', 'iya', 'Aktif', 'laki-laki'),
(171661812, '.asdlmaskn', 'asdadasd', 'klnn', 'Aktif', 'laki-laki'),
(1716283849, 'komik', 'ertyu', 'vbnmm', 'Aktif', 'perempuan'),
(2147483647, 'siapa aja', 'iyah', 'mantap', 'Aktif', 'laki-laki');

-- --------------------------------------------------------

--
-- Struktur dari tabel `piket`
--

CREATE TABLE `piket` (
  `statuss` varchar(15) NOT NULL,
  `nrp` int(11) NOT NULL
) ENGINE=InnoDB DEFAULT CHARSET=latin1;

--
-- Dumping data untuk tabel `piket`
--

INSERT INTO `piket` (`statuss`, `nrp`) VALUES
('hadir', 1514123),
('hadir', 1654261),
('hadir', 16771892),
('hadir', 17161273),
('hadir', 141527384),
('hadir', 161710265),
('hadir', 161710270),
('hadir', 171661812),
('hadir', 1716283849),
('hadir', 2147483647);

-- --------------------------------------------------------

--
-- Struktur dari tabel `tbl_session`
--

CREATE TABLE `tbl_session` (
  `id` varchar(40) NOT NULL,
  `ip_address` varchar(45) NOT NULL,
  `timestamp` int(10) NOT NULL,
  `data` blob NOT NULL
) ENGINE=InnoDB DEFAULT CHARSET=latin1;

--
-- Dumping data untuk tabel `tbl_session`
--

INSERT INTO `tbl_session` (`id`, `ip_address`, `timestamp`, `data`) VALUES
('gab7vop7stsc2t9i86hprpsul5lhrdpb', '192.168.0.221', 1536819519, 0x5f5f63695f6c6173745f726567656e65726174657c693a313533363831393531383b),
('veulvvqrg8ai7l6ro80fg2pls2vml2kl', '::1', 1536819733, 0x5f5f63695f6c6173745f726567656e65726174657c693a313533363831393731313b757365725f69647c733a323a223230223b757365725f6e616d657c733a323a226f6b223b757365725f706173737c733a33323a223434346263623361336663663833383932393663343934363766323765316436223b757365725f6e616d617c733a323a226f6b223b),
('g32fmv77tf3n7qi2lqkl7tbj930adj91', '::1', 1536820024, 0x5f5f63695f6c6173745f726567656e65726174657c693a313533363832303032343b),
('sdf2liv1hs08h2t9fvju7s1cvfgmcvu7', '192.168.0.221', 1536820523, 0x5f5f63695f6c6173745f726567656e65726174657c693a313533363832303532323b),
('35ln4q23lqr1cmnbst079rht6qunbq01', '192.168.0.221', 1536821032, 0x5f5f63695f6c6173745f726567656e65726174657c693a313533363832303932393b),
('6j5v7j00ucbhq7625jhqsp7fj9so6874', '192.168.0.221', 1536822084, 0x5f5f63695f6c6173745f726567656e65726174657c693a313533363832323038333b),
('q7hhf4jgig96jc0qjhfm17998jfs9cob', '::1', 1536822564, 0x5f5f63695f6c6173745f726567656e65726174657c693a313533363832323535353b757365725f69647c733a323a223230223b757365725f6e616d657c733a323a226f6b223b757365725f706173737c733a33323a223434346263623361336663663833383932393663343934363766323765316436223b757365725f6e616d617c733a323a226f6b223b),
('qrkb5lpo147r361f0bbksnacbp68di8u', '192.168.0.221', 1536823089, 0x5f5f63695f6c6173745f726567656e65726174657c693a313533363832333038373b),
('s64v7sl9fdj8iihsqmmvbd6hu1v2lsdd', '192.168.0.221', 1536823590, 0x5f5f63695f6c6173745f726567656e65726174657c693a313533363832333538313b),
('6gocr77dkdfj41hq4r42tb1hsooe0g72', '::1', 1536824069, 0x5f5f63695f6c6173745f726567656e65726174657c693a313533363832333739353b757365725f69647c733a323a223230223b757365725f6e616d657c733a323a226f6b223b757365725f706173737c733a33323a223434346263623361336663663833383932393663343934363766323765316436223b757365725f6e616d617c733a323a226f6b223b),
('5rvjghr5efgsik8tb35q1jijg865rpj6', '::1', 1536824558, 0x5f5f63695f6c6173745f726567656e65726174657c693a313533363832343333353b757365725f69647c733a323a223230223b757365725f6e616d657c733a323a226f6b223b757365725f706173737c733a33323a223434346263623361336663663833383932393663343934363766323765316436223b757365725f6e616d617c733a323a226f6b223b),
('ied9mjff4qjp17ovamod0ljnntf0pg73', '192.168.0.221', 1536824596, 0x5f5f63695f6c6173745f726567656e65726174657c693a313533363832343539313b),
('bn72hjd3jsrpft5mabf9s3ekv9sk38bn', '::1', 1536824781, 0x5f5f63695f6c6173745f726567656e65726174657c693a313533363832343730363b757365725f69647c733a323a223230223b757365725f6e616d657c733a323a226f6b223b757365725f706173737c733a33323a223434346263623361336663663833383932393663343934363766323765316436223b757365725f6e616d617c733a323a226f6b223b),
('hsm7fsof4vtqhhd4f0ohql724t8vnpgv', '::1', 1536825314, 0x5f5f63695f6c6173745f726567656e65726174657c693a313533363832353034313b757365725f69647c733a323a223230223b757365725f6e616d657c733a323a226f6b223b757365725f706173737c733a33323a223434346263623361336663663833383932393663343934363766323765316436223b757365725f6e616d617c733a323a226f6b223b),
('am43u4shqni6qbffiqjpq7o06a4mjpi5', '::1', 1536825624, 0x5f5f63695f6c6173745f726567656e65726174657c693a313533363832353334363b757365725f69647c733a323a223230223b757365725f6e616d657c733a323a226f6b223b757365725f706173737c733a33323a223434346263623361336663663833383932393663343934363766323765316436223b757365725f6e616d617c733a323a226f6b223b),
('qd0an842lum4vcfoj7ukpgsrqsmv822m', '192.168.0.221', 1536825598, 0x5f5f63695f6c6173745f726567656e65726174657c693a313533363832353539373b),
('59f3t4h5ss6trk9ck51ciae2s62kiqol', '::1', 1536825752, 0x5f5f63695f6c6173745f726567656e65726174657c693a313533363832353637383b757365725f69647c733a323a223230223b757365725f6e616d657c733a323a226f6b223b757365725f706173737c733a33323a223434346263623361336663663833383932393663343934363766323765316436223b757365725f6e616d617c733a323a226f6b223b),
('rvcn7f277ipeicjsie74bi2sugntsj5r', '192.168.0.221', 1536826600, 0x5f5f63695f6c6173745f726567656e65726174657c693a313533363832363539393b),
('8hkh0qk7uk5in0tv4dou78aguao97433', '::1', 1536827714, 0x5f5f63695f6c6173745f726567656e65726174657c693a313533363832373433313b757365725f69647c733a323a223230223b757365725f6e616d657c733a323a226f6b223b757365725f706173737c733a33323a223434346263623361336663663833383932393663343934363766323765316436223b757365725f6e616d617c733a323a226f6b223b),
('tkmb4vd3htoos4dcr185kqacvvtpj842', '192.168.0.221', 1536827798, 0x5f5f63695f6c6173745f726567656e65726174657c693a313533363832373630313b),
('3m40tm6hmf1k17pld55gfo3rtq5u1n9n', '::1', 1536828037, 0x5f5f63695f6c6173745f726567656e65726174657c693a313533363832373734303b757365725f69647c733a323a223230223b757365725f6e616d657c733a323a226f6b223b757365725f706173737c733a33323a223434346263623361336663663833383932393663343934363766323765316436223b757365725f6e616d617c733a323a226f6b223b),
('phn1l6p23e7mpid9c5ud65vrfdehhgv1', '::1', 1536828363, 0x5f5f63695f6c6173745f726567656e65726174657c693a313533363832383036353b757365725f69647c733a323a223230223b757365725f6e616d657c733a323a226f6b223b757365725f706173737c733a33323a223434346263623361336663663833383932393663343934363766323765316436223b757365725f6e616d617c733a323a226f6b223b),
('lhp6c1mhiprrv95uoh89gd2p6fmcv45i', '::1', 1536828619, 0x5f5f63695f6c6173745f726567656e65726174657c693a313533363832383337303b757365725f69647c733a323a223230223b757365725f6e616d657c733a323a226f6b223b757365725f706173737c733a33323a223434346263623361336663663833383932393663343934363766323765316436223b757365725f6e616d617c733a323a226f6b223b),
('pql5m6ulb5qone7jhjuucm9sdq9d24gh', '::1', 1536829091, 0x5f5f63695f6c6173745f726567656e65726174657c693a313533363832383739323b757365725f69647c733a323a223230223b757365725f6e616d657c733a323a226f6b223b757365725f706173737c733a33323a223434346263623361336663663833383932393663343934363766323765316436223b757365725f6e616d617c733a323a226f6b223b),
('b93sj10rra5h4r2afgavgu2mj3suba3d', '192.168.0.221', 1536828801, 0x5f5f63695f6c6173745f726567656e65726174657c693a313533363832383739393b),
('6k815r4hg6epbplk5g7rvaj86nan5fvo', '::1', 1536829398, 0x5f5f63695f6c6173745f726567656e65726174657c693a313533363832393039393b757365725f69647c733a323a223230223b757365725f6e616d657c733a323a226f6b223b757365725f706173737c733a33323a223434346263623361336663663833383932393663343934363766323765316436223b757365725f6e616d617c733a323a226f6b223b),
('bi2se9r7bjkgh9frbd0gr55gob4usmjr', '::1', 1536829686, 0x5f5f63695f6c6173745f726567656e65726174657c693a313533363832393430343b757365725f69647c733a323a223230223b757365725f6e616d657c733a323a226f6b223b757365725f706173737c733a33323a223434346263623361336663663833383932393663343934363766323765316436223b757365725f6e616d617c733a323a226f6b223b),
('uhhren6vdi98505rufu7o88k5frv5mvb', '::1', 1536829886, 0x5f5f63695f6c6173745f726567656e65726174657c693a313533363832393731373b757365725f69647c733a323a223230223b757365725f6e616d657c733a323a226f6b223b757365725f706173737c733a33323a223434346263623361336663663833383932393663343934363766323765316436223b757365725f6e616d617c733a323a226f6b223b),
('b5i6oqgcoh5lv4pre3571c02m58jvl5u', '192.168.0.221', 1536829804, 0x5f5f63695f6c6173745f726567656e65726174657c693a313533363832393830333b),
('4f9gfi75rburc81fu21q8g7t9cf5as8p', '::1', 1536830081, 0x5f5f63695f6c6173745f726567656e65726174657c693a313533363833303037353b757365725f69647c733a323a223230223b757365725f6e616d657c733a323a226f6b223b757365725f706173737c733a33323a223434346263623361336663663833383932393663343934363766323765316436223b757365725f6e616d617c733a323a226f6b223b),
('pfjc7up0pt5mbk909frv9206o1aam3j5', '::1', 1536830634, 0x5f5f63695f6c6173745f726567656e65726174657c693a313533363833303633343b757365725f69647c733a323a223230223b757365725f6e616d657c733a323a226f6b223b757365725f706173737c733a33323a223434346263623361336663663833383932393663343934363766323765316436223b757365725f6e616d617c733a323a226f6b223b),
('h6sf13nhq80kl147vf1drsuj5pmr8ah8', '192.168.0.221', 1536830806, 0x5f5f63695f6c6173745f726567656e65726174657c693a313533363833303830353b),
('4s3d1nrsas0kjtf1l4qjt57qiumnho18', '::1', 1536831016, 0x5f5f63695f6c6173745f726567656e65726174657c693a313533363833313031353b757365725f69647c733a323a223230223b757365725f6e616d657c733a323a226f6b223b757365725f706173737c733a33323a223434346263623361336663663833383932393663343934363766323765316436223b757365725f6e616d617c733a323a226f6b223b),
('2r82kb3qvllctd79uc0c2445ct69t37r', '::1', 1536831253, 0x5f5f63695f6c6173745f726567656e65726174657c693a313533363833313031363b757365725f69647c733a323a223230223b757365725f6e616d657c733a323a226f6b223b757365725f706173737c733a33323a223434346263623361336663663833383932393663343934363766323765316436223b757365725f6e616d617c733a323a226f6b223b),
('j71bok63bssqvh8gt2f0i53l9h44sqj0', '::1', 1536831624, 0x5f5f63695f6c6173745f726567656e65726174657c693a313533363833313332373b757365725f69647c733a323a223230223b757365725f6e616d657c733a323a226f6b223b757365725f706173737c733a33323a223434346263623361336663663833383932393663343934363766323765316436223b757365725f6e616d617c733a323a226f6b223b),
('23uu73ctqgj62ig6e4mhl7mbadsfaat3', '::1', 1536831926, 0x5f5f63695f6c6173745f726567656e65726174657c693a313533363833313634313b757365725f69647c733a323a223230223b757365725f6e616d657c733a323a226f6b223b757365725f706173737c733a33323a223434346263623361336663663833383932393663343934363766323765316436223b757365725f6e616d617c733a323a226f6b223b),
('7oqo57qg7ut40hstgddip4adhqsjpp57', '192.168.0.221', 1536831806, 0x5f5f63695f6c6173745f726567656e65726174657c693a313533363833313830363b),
('e3qu4unpl6g8it3vqgvd6sqvk008jlaq', '::1', 1536832170, 0x5f5f63695f6c6173745f726567656e65726174657c693a313533363833313934383b757365725f69647c733a323a223230223b757365725f6e616d657c733a323a226f6b223b757365725f706173737c733a33323a223434346263623361336663663833383932393663343934363766323765316436223b757365725f6e616d617c733a323a226f6b223b),
('ud0r35651ejdfeir50ga0dlf55tjdmq5', '192.168.0.221', 1536833103, 0x5f5f63695f6c6173745f726567656e65726174657c693a313533363833323830373b),
('llc53fu1465794mvukt982ej3d0psc6s', '::1', 1536833115, 0x5f5f63695f6c6173745f726567656e65726174657c693a313533363833333131333b757365725f69647c733a323a223230223b757365725f6e616d657c733a323a226f6b223b757365725f706173737c733a33323a223434346263623361336663663833383932393663343934363766323765316436223b757365725f6e616d617c733a323a226f6b223b),
('ri62rk5ta8e8suqcjoqpbu3ln43fc9i1', '192.168.0.12', 1536904850, 0x5f5f63695f6c6173745f726567656e65726174657c693a313533363930343835303b),
('u4fpiplga6bm7mbe1naloqr1uff5tpl0', '192.168.0.12', 1536904850, 0x5f5f63695f6c6173745f726567656e65726174657c693a313533363930343835303b),
('gg5hvsr7b04vjcdgsoa5sokvtf6udlhn', '192.168.0.12', 1536904862, 0x5f5f63695f6c6173745f726567656e65726174657c693a313533363930343836323b),
('tc82iap30ii089teatat4kedb1um2sob', '::1', 1536905350, 0x5f5f63695f6c6173745f726567656e65726174657c693a313533363930353335303b),
('v3go45md2st9nugj2riajraq4t0fphd4', '::1', 1536905407, 0x5f5f63695f6c6173745f726567656e65726174657c693a313533363930353335313b757365725f69647c733a313a2231223b757365725f6e616d657c733a353a2261646d696e223b757365725f706173737c733a33323a223231323332663239376135376135613734333839346130653461383031666333223b757365725f6e616d617c733a343a22696b6568223b),
('1vpp51tpq84318ldls91e7i6umv35vv0', '::1', 1536905680, 0x5f5f63695f6c6173745f726567656e65726174657c693a313533363930353638303b757365725f69647c733a313a2231223b757365725f6e616d657c733a353a2261646d696e223b757365725f706173737c733a33323a223231323332663239376135376135613734333839346130653461383031666333223b757365725f6e616d617c733a343a22696b6568223b),
('i8itto0va7vevaoo0db443ggverm0c97', '::1', 1536906135, 0x5f5f63695f6c6173745f726567656e65726174657c693a313533363930363031343b757365725f69647c733a313a2231223b757365725f6e616d657c733a353a2261646d696e223b757365725f706173737c733a33323a223231323332663239376135376135613734333839346130653461383031666333223b757365725f6e616d617c733a343a22696b6568223b),
('0qnv6gcd3ad8c8kira51hnc47hn17273', '192.168.0.12', 1536906145, 0x5f5f63695f6c6173745f726567656e65726174657c693a313533363930363134343b),
('fq5cnt0s8a5o6h1mnq39lcrrv47pbdpb', '::1', 1536906418, 0x5f5f63695f6c6173745f726567656e65726174657c693a313533363930363338333b757365725f69647c733a313a2231223b757365725f6e616d657c733a353a2261646d696e223b757365725f706173737c733a33323a223231323332663239376135376135613734333839346130653461383031666333223b757365725f6e616d617c733a343a22696b6568223b),
('tuch4qvpao0uuk3dt66p1530hnn4qoou', '192.168.0.12', 1536907146, 0x5f5f63695f6c6173745f726567656e65726174657c693a313533363930373134363b),
('lmjag7hgic4imqdoslusovv41u2mfnnh', '::1', 1536907346, 0x5f5f63695f6c6173745f726567656e65726174657c693a313533363930373334363b757365725f69647c733a313a2231223b757365725f6e616d657c733a353a2261646d696e223b757365725f706173737c733a33323a223231323332663239376135376135613734333839346130653461383031666333223b757365725f6e616d617c733a343a22696b6568223b),
('vpfji4ld0q3qlparmrunll6d43e05ngu', '::1', 1536907807, 0x5f5f63695f6c6173745f726567656e65726174657c693a313533363930373635373b757365725f69647c733a313a2231223b757365725f6e616d657c733a353a2261646d696e223b757365725f706173737c733a33323a223231323332663239376135376135613734333839346130653461383031666333223b757365725f6e616d617c733a343a22696b6568223b),
('6pbe4qjpo5f9aij4qc3lghmchrq9as24', '::1', 1536908309, 0x5f5f63695f6c6173745f726567656e65726174657c693a313533363930383033303b757365725f69647c733a313a2231223b757365725f6e616d657c733a353a2261646d696e223b757365725f706173737c733a33323a223231323332663239376135376135613734333839346130653461383031666333223b757365725f6e616d617c733a343a22696b6568223b),
('2nf747sirt1nn6gqa1o5doag39lg460k', '::1', 1536908393, 0x5f5f63695f6c6173745f726567656e65726174657c693a313533363930383339333b757365725f69647c733a313a2231223b757365725f6e616d657c733a353a2261646d696e223b757365725f706173737c733a33323a223231323332663239376135376135613734333839346130653461383031666333223b757365725f6e616d617c733a343a22696b6568223b),
('qfgnfpgh4cghv14eb8tp7i3ravf5sodc', '::1', 1536909395, 0x5f5f63695f6c6173745f726567656e65726174657c693a313533363930393339353b757365725f69647c733a313a2231223b757365725f6e616d657c733a353a2261646d696e223b757365725f706173737c733a33323a223231323332663239376135376135613734333839346130653461383031666333223b757365725f6e616d617c733a343a22696b6568223b),
('34nokf4j3i2noel9nql95v7qb4l3f14q', '::1', 1536909959, 0x5f5f63695f6c6173745f726567656e65726174657c693a313533363930393935393b757365725f69647c733a313a2231223b757365725f6e616d657c733a353a2261646d696e223b757365725f706173737c733a33323a223231323332663239376135376135613734333839346130653461383031666333223b757365725f6e616d617c733a343a22696b6568223b),
('jhoe2e5tgv9u4smjgk6ha3f4ga5p5tk8', '::1', 1536910563, 0x5f5f63695f6c6173745f726567656e65726174657c693a313533363931303239363b757365725f69647c733a313a2231223b757365725f6e616d657c733a353a2261646d696e223b757365725f706173737c733a33323a223231323332663239376135376135613734333839346130653461383031666333223b757365725f6e616d617c733a343a22696b6568223b),
('fu9722gc9hdohi0a5qtidchafk24uo3c', '::1', 1536910660, 0x5f5f63695f6c6173745f726567656e65726174657c693a313533363931303630333b757365725f69647c733a313a2231223b757365725f6e616d657c733a353a2261646d696e223b757365725f706173737c733a33323a223231323332663239376135376135613734333839346130653461383031666333223b757365725f6e616d617c733a343a22696b6568223b),
('ll8f1gv9ckp396rgd5hfj2k2b2th528l', '::1', 1536911465, 0x5f5f63695f6c6173745f726567656e65726174657c693a313533363931313138373b757365725f69647c733a313a2231223b757365725f6e616d657c733a353a2261646d696e223b757365725f706173737c733a33323a223231323332663239376135376135613734333839346130653461383031666333223b757365725f6e616d617c733a343a22696b6568223b),
('s09uqu876q1qkapigc0blfjgn2iprfee', '::1', 1536911901, 0x5f5f63695f6c6173745f726567656e65726174657c693a313533363931313637313b757365725f69647c733a313a2231223b757365725f6e616d657c733a353a2261646d696e223b757365725f706173737c733a33323a223231323332663239376135376135613734333839346130653461383031666333223b757365725f6e616d617c733a343a22696b6568223b),
('tn5tonaadot0dk3dcbcf27kclimvqu4p', '::1', 1536912459, 0x5f5f63695f6c6173745f726567656e65726174657c693a313533363931323137353b757365725f69647c733a313a2231223b757365725f6e616d657c733a353a2261646d696e223b757365725f706173737c733a33323a223231323332663239376135376135613734333839346130653461383031666333223b757365725f6e616d617c733a343a22696b6568223b),
('e3e6hsoa862tn598i5o5u89n8c5h1p97', '::1', 1536912697, 0x5f5f63695f6c6173745f726567656e65726174657c693a313533363931323534393b757365725f69647c733a313a2231223b757365725f6e616d657c733a353a2261646d696e223b757365725f706173737c733a33323a223231323332663239376135376135613734333839346130653461383031666333223b757365725f6e616d617c733a343a22696b6568223b),
('f2bp9h37uummi5kh96b6n4mo4raj83k4', '::1', 1536913063, 0x5f5f63695f6c6173745f726567656e65726174657c693a313533363931323839323b757365725f69647c733a313a2231223b757365725f6e616d657c733a353a2261646d696e223b757365725f706173737c733a33323a223231323332663239376135376135613734333839346130653461383031666333223b757365725f6e616d617c733a343a22696b6568223b),
('8gud4pel2clpnequrimjn0ngq3mroa31', '::1', 1536914299, 0x5f5f63695f6c6173745f726567656e65726174657c693a313533363931343132303b757365725f69647c733a313a2231223b757365725f6e616d657c733a353a2261646d696e223b757365725f706173737c733a33323a223231323332663239376135376135613734333839346130653461383031666333223b757365725f6e616d617c733a343a22696b6568223b),
('ltuqdtcdlar395opsgtjsstdepp4u5n7', '::1', 1536915277, 0x5f5f63695f6c6173745f726567656e65726174657c693a313533363931353237373b757365725f69647c733a313a2231223b757365725f6e616d657c733a353a2261646d696e223b757365725f706173737c733a33323a223231323332663239376135376135613734333839346130653461383031666333223b757365725f6e616d617c733a343a22696b6568223b),
('vbi8ms5hknca07t3pqf80ngcn09v8bur', '::1', 1536915943, 0x5f5f63695f6c6173745f726567656e65726174657c693a313533363931353636303b757365725f69647c733a313a2231223b757365725f6e616d657c733a353a2261646d696e223b757365725f706173737c733a33323a223231323332663239376135376135613734333839346130653461383031666333223b757365725f6e616d617c733a343a22696b6568223b),
('gk7jba60qr9gk4netvk9momip82cuhn9', '::1', 1536916173, 0x5f5f63695f6c6173745f726567656e65726174657c693a313533363931363031313b757365725f69647c733a313a2231223b757365725f6e616d657c733a353a2261646d696e223b757365725f706173737c733a33323a223231323332663239376135376135613734333839346130653461383031666333223b757365725f6e616d617c733a343a22696b6568223b),
('11dermsli4tku1hhhmthj938gucuscap', '::1', 1536916364, 0x5f5f63695f6c6173745f726567656e65726174657c693a313533363931363333323b757365725f69647c733a313a2231223b757365725f6e616d657c733a353a2261646d696e223b757365725f706173737c733a33323a223231323332663239376135376135613734333839346130653461383031666333223b757365725f6e616d617c733a343a22696b6568223b),
('bsuunhlq0uaqc7osvj9ukrirodt6c7on', '::1', 1536917006, 0x5f5f63695f6c6173745f726567656e65726174657c693a313533363931363838393b757365725f69647c733a313a2231223b757365725f6e616d657c733a353a2261646d696e223b757365725f706173737c733a33323a223231323332663239376135376135613734333839346130653461383031666333223b757365725f6e616d617c733a343a22696b6568223b),
('vu85can81cua98tiktf0vpgtbuiunqqt', '::1', 1536917791, 0x5f5f63695f6c6173745f726567656e65726174657c693a313533363931373632303b757365725f69647c733a313a2231223b757365725f6e616d657c733a353a2261646d696e223b757365725f706173737c733a33323a223231323332663239376135376135613734333839346130653461383031666333223b757365725f6e616d617c733a343a22696b6568223b),
('qah3hc19v5hf4fi3rhclp4fers60pmo1', '192.168.0.12', 1536917696, 0x5f5f63695f6c6173745f726567656e65726174657c693a313533363931373639363b),
('no879rbvb449q22lqoab8p8csuo3jjj7', '::1', 1536918976, 0x5f5f63695f6c6173745f726567656e65726174657c693a313533363931383737343b757365725f69647c733a313a2231223b757365725f6e616d657c733a353a2261646d696e223b757365725f706173737c733a33323a223231323332663239376135376135613734333839346130653461383031666333223b757365725f6e616d617c733a343a22696b6568223b),
('gpucilch4vbio061ph9q2tlgqp7a5jt7', '::1', 1536920026, 0x5f5f63695f6c6173745f726567656e65726174657c693a313533363932303032333b757365725f69647c733a313a2231223b757365725f6e616d657c733a353a2261646d696e223b757365725f706173737c733a33323a223231323332663239376135376135613734333839346130653461383031666333223b757365725f6e616d617c733a343a22696b6568223b),
('6eq8kimn5ijm5lg355fuucgc2bskmsev', '::1', 1536934196, 0x5f5f63695f6c6173745f726567656e65726174657c693a313533363933343139363b),
('tl6nqv6ljefumqmksome5us20i9of2pi', '::1', 1536934488, 0x5f5f63695f6c6173745f726567656e65726174657c693a313533363933343232343b757365725f69647c733a313a2231223b757365725f6e616d657c733a353a2261646d696e223b757365725f706173737c733a33323a223231323332663239376135376135613734333839346130653461383031666333223b757365725f6e616d617c733a343a22696b6568223b),
('k3tq1ielkc7nmpm4rujbk5ral85n4pjn', '::1', 1536934936, 0x5f5f63695f6c6173745f726567656e65726174657c693a313533363933343633393b757365725f69647c733a313a2231223b757365725f6e616d657c733a353a2261646d696e223b757365725f706173737c733a33323a223231323332663239376135376135613734333839346130653461383031666333223b757365725f6e616d617c733a343a22696b6568223b),
('lj30mogjga39a13kf8u1u3cehuervrjo', '::1', 1536935222, 0x5f5f63695f6c6173745f726567656e65726174657c693a313533363933343935373b757365725f69647c733a313a2231223b757365725f6e616d657c733a353a2261646d696e223b757365725f706173737c733a33323a223231323332663239376135376135613734333839346130653461383031666333223b757365725f6e616d617c733a343a22696b6568223b),
('mkq6l86dn0bbt49fl8h9jhl4dqf4qg3s', '::1', 1536935577, 0x5f5f63695f6c6173745f726567656e65726174657c693a313533363933353238313b757365725f69647c733a313a2231223b757365725f6e616d657c733a353a2261646d696e223b757365725f706173737c733a33323a223231323332663239376135376135613734333839346130653461383031666333223b757365725f6e616d617c733a343a22696b6568223b),
('7v103qtjlpuh5h8rujcegph5esoqjbct', '::1', 1536935827, 0x5f5f63695f6c6173745f726567656e65726174657c693a313533363933353538333b757365725f69647c733a313a2231223b757365725f6e616d657c733a353a2261646d696e223b757365725f706173737c733a33323a223231323332663239376135376135613734333839346130653461383031666333223b757365725f6e616d617c733a343a22696b6568223b),
('p8jkvantnnv8vgfo948pn5jbd4fiml86', '::1', 1536936405, 0x5f5f63695f6c6173745f726567656e65726174657c693a313533363933363134343b757365725f69647c733a313a2231223b757365725f6e616d657c733a353a2261646d696e223b757365725f706173737c733a33323a223231323332663239376135376135613734333839346130653461383031666333223b757365725f6e616d617c733a343a22696b6568223b),
('b2gllb0r2ld9efc0ue4njfff7qcj8j93', '::1', 1536936791, 0x5f5f63695f6c6173745f726567656e65726174657c693a313533363933363739313b757365725f69647c733a313a2231223b757365725f6e616d657c733a353a2261646d696e223b757365725f706173737c733a33323a223231323332663239376135376135613734333839346130653461383031666333223b757365725f6e616d617c733a343a22696b6568223b),
('3rveuqsn4llrq6nh2ncn1betog5l2h4o', '::1', 1536937089, 0x5f5f63695f6c6173745f726567656e65726174657c693a313533363933363739313b757365725f69647c733a313a2231223b757365725f6e616d657c733a353a2261646d696e223b757365725f706173737c733a33323a223231323332663239376135376135613734333839346130653461383031666333223b757365725f6e616d617c733a343a22696b6568223b),
('ibivpgen2bire67r29m2sojik876au0q', '::1', 1536937256, 0x5f5f63695f6c6173745f726567656e65726174657c693a313533363933373131383b757365725f69647c733a313a2231223b757365725f6e616d657c733a353a2261646d696e223b757365725f706173737c733a33323a223231323332663239376135376135613734333839346130653461383031666333223b757365725f6e616d617c733a343a22696b6568223b),
('b8a8kpgtaq098g007i3ebjiniccfv25l', '::1', 1536937564, 0x5f5f63695f6c6173745f726567656e65726174657c693a313533363933373432373b757365725f69647c733a313a2231223b757365725f6e616d657c733a353a2261646d696e223b757365725f706173737c733a33323a223231323332663239376135376135613734333839346130653461383031666333223b757365725f6e616d617c733a343a22696b6568223b),
('trqiklt959ao4ogt7aq849g3et2j8r4q', '::1', 1536937890, 0x5f5f63695f6c6173745f726567656e65726174657c693a313533363933373733313b757365725f69647c733a313a2231223b757365725f6e616d657c733a353a2261646d696e223b757365725f706173737c733a33323a223231323332663239376135376135613734333839346130653461383031666333223b757365725f6e616d617c733a343a22696b6568223b),
('qtbe94qg63h2uc552hl3u3jq33u2qal8', '::1', 1536938220, 0x5f5f63695f6c6173745f726567656e65726174657c693a313533363933383038353b757365725f69647c733a313a2231223b757365725f6e616d657c733a353a2261646d696e223b757365725f706173737c733a33323a223231323332663239376135376135613734333839346130653461383031666333223b757365725f6e616d617c733a343a22696b6568223b),
('jribffh8ogtffa5pvmb758q1pc2ern8r', '::1', 1536938708, 0x5f5f63695f6c6173745f726567656e65726174657c693a313533363933383436313b757365725f69647c733a313a2231223b757365725f6e616d657c733a353a2261646d696e223b757365725f706173737c733a33323a223231323332663239376135376135613734333839346130653461383031666333223b757365725f6e616d617c733a343a22696b6568223b),
('51jgklb3h6nknee9eki1mu5lo2eajvpd', '::1', 1536939061, 0x5f5f63695f6c6173745f726567656e65726174657c693a313533363933383736333b757365725f69647c733a313a2231223b757365725f6e616d657c733a353a2261646d696e223b757365725f706173737c733a33323a223231323332663239376135376135613734333839346130653461383031666333223b757365725f6e616d617c733a343a22696b6568223b),
('te3cstb2oblahtlloqjq4jjobh8i6frq', '::1', 1536939280, 0x5f5f63695f6c6173745f726567656e65726174657c693a313533363933393238303b757365725f69647c733a313a2231223b757365725f6e616d657c733a353a2261646d696e223b757365725f706173737c733a33323a223231323332663239376135376135613734333839346130653461383031666333223b757365725f6e616d617c733a343a22696b6568223b),
('dameeiovkecfieeb4urj91a4keb1ml56', '::1', 1536939891, 0x5f5f63695f6c6173745f726567656e65726174657c693a313533363933393732373b757365725f69647c733a313a2231223b757365725f6e616d657c733a353a2261646d696e223b757365725f706173737c733a33323a223231323332663239376135376135613734333839346130653461383031666333223b757365725f6e616d617c733a343a22696b6568223b),
('1npm8pq1c6dmemgn7i59kqiu0ita2vv2', '::1', 1536941188, 0x5f5f63695f6c6173745f726567656e65726174657c693a313533363934303839323b757365725f69647c733a313a2231223b757365725f6e616d657c733a353a2261646d696e223b757365725f706173737c733a33323a223231323332663239376135376135613734333839346130653461383031666333223b757365725f6e616d617c733a343a22696b6568223b),
('sm3r2p0at87nam2vi8f0hs2rf5u5336r', '::1', 1536941461, 0x5f5f63695f6c6173745f726567656e65726174657c693a313533363934313139383b757365725f69647c733a313a2231223b757365725f6e616d657c733a353a2261646d696e223b757365725f706173737c733a33323a223231323332663239376135376135613734333839346130653461383031666333223b757365725f6e616d617c733a343a22696b6568223b),
('r55pn940c3sdl6n76i6cq8ana4eklp6h', '::1', 1536941781, 0x5f5f63695f6c6173745f726567656e65726174657c693a313533363934313532383b757365725f69647c733a313a2231223b757365725f6e616d657c733a353a2261646d696e223b757365725f706173737c733a33323a223231323332663239376135376135613734333839346130653461383031666333223b757365725f6e616d617c733a343a22696b6568223b),
('9d6k5ajqnq7fo3umkm9iqjr4qtm99d6q', '::1', 1536942117, 0x5f5f63695f6c6173745f726567656e65726174657c693a313533363934313835343b757365725f69647c733a313a2231223b757365725f6e616d657c733a353a2261646d696e223b757365725f706173737c733a33323a223231323332663239376135376135613734333839346130653461383031666333223b757365725f6e616d617c733a343a22696b6568223b),
('nt4e04ijtqibtu9hvlks11ju0gatsdua', '::1', 1536942349, 0x5f5f63695f6c6173745f726567656e65726174657c693a313533363934323135363b757365725f69647c733a313a2231223b757365725f6e616d657c733a353a2261646d696e223b757365725f706173737c733a33323a223231323332663239376135376135613734333839346130653461383031666333223b757365725f6e616d617c733a343a22696b6568223b),
('1nupp8132sarr4ffrg9j2d1jijk2ldnv', '::1', 1536942504, 0x5f5f63695f6c6173745f726567656e65726174657c693a313533363934323530343b757365725f69647c733a313a2231223b757365725f6e616d657c733a353a2261646d696e223b757365725f706173737c733a33323a223231323332663239376135376135613734333839346130653461383031666333223b757365725f6e616d617c733a343a22696b6568223b),
('rooknped0a3guo4qguurh8bojj15nirg', '::1', 1537080236, 0x5f5f63695f6c6173745f726567656e65726174657c693a313533373038303131353b757365725f69647c733a313a2231223b757365725f6e616d657c733a353a2261646d696e223b757365725f706173737c733a33323a223231323332663239376135376135613734333839346130653461383031666333223b757365725f6e616d617c733a343a22696b6568223b),
('vn2a3kooufc5kijsbk58rim27kus5ev8', '::1', 1537080116, 0x5f5f63695f6c6173745f726567656e65726174657c693a313533373038303131353b),
('4i3erqta5ipu1kjqseubiof2omg8jru0', '::1', 1537081757, 0x5f5f63695f6c6173745f726567656e65726174657c693a313533373038313735373b757365725f69647c733a313a2231223b757365725f6e616d657c733a353a2261646d696e223b757365725f706173737c733a33323a223231323332663239376135376135613734333839346130653461383031666333223b757365725f6e616d617c733a343a22696b6568223b),
('2r9sr65ld2c0vilohpirn84jvr4385e8', '::1', 1537083048, 0x5f5f63695f6c6173745f726567656e65726174657c693a313533373038323735393b757365725f69647c733a313a2231223b757365725f6e616d657c733a353a2261646d696e223b757365725f706173737c733a33323a223231323332663239376135376135613734333839346130653461383031666333223b757365725f6e616d617c733a343a22696b6568223b),
('qrstd2q97vmcub6dvo3v03lvtdqvid3s', '::1', 1537083348, 0x5f5f63695f6c6173745f726567656e65726174657c693a313533373038333036333b757365725f69647c733a313a2231223b757365725f6e616d657c733a353a2261646d696e223b757365725f706173737c733a33323a223231323332663239376135376135613734333839346130653461383031666333223b757365725f6e616d617c733a343a22696b6568223b),
('c57gapd0687t8hl3vqn0pf2s6a0tbdc6', '::1', 1537084349, 0x5f5f63695f6c6173745f726567656e65726174657c693a313533373038343334393b757365725f69647c733a313a2231223b757365725f6e616d657c733a353a2261646d696e223b757365725f706173737c733a33323a223231323332663239376135376135613734333839346130653461383031666333223b757365725f6e616d617c733a343a22696b6568223b),
('t10kmnor31doa22i10n72e9942kjf2k6', '::1', 1537085350, 0x5f5f63695f6c6173745f726567656e65726174657c693a313533373038353335303b757365725f69647c733a313a2231223b757365725f6e616d657c733a353a2261646d696e223b757365725f706173737c733a33323a223231323332663239376135376135613734333839346130653461383031666333223b757365725f6e616d617c733a343a22696b6568223b),
('0qtsd3kg5c6t2bgjlgc1bt6qhq4ts9oq', '::1', 1537086351, 0x5f5f63695f6c6173745f726567656e65726174657c693a313533373038363335313b757365725f69647c733a313a2231223b757365725f6e616d657c733a353a2261646d696e223b757365725f706173737c733a33323a223231323332663239376135376135613734333839346130653461383031666333223b757365725f6e616d617c733a343a22696b6568223b),
('06mnvfpdo9lv62jda7pmd5ol7v7c2a53', '::1', 1537087351, 0x5f5f63695f6c6173745f726567656e65726174657c693a313533373038373335313b757365725f69647c733a313a2231223b757365725f6e616d657c733a353a2261646d696e223b757365725f706173737c733a33323a223231323332663239376135376135613734333839346130653461383031666333223b757365725f6e616d617c733a343a22696b6568223b),
('v8gb4k4bri54j97q9052i98alakchfha', '::1', 1537088351, 0x5f5f63695f6c6173745f726567656e65726174657c693a313533373038383335313b757365725f69647c733a313a2231223b757365725f6e616d657c733a353a2261646d696e223b757365725f706173737c733a33323a223231323332663239376135376135613734333839346130653461383031666333223b757365725f6e616d617c733a343a22696b6568223b),
('j01sbs3kks0rhl6436ifdh0sc38j3kcl', '::1', 1537189397, 0x5f5f63695f6c6173745f726567656e65726174657c693a313533373138393333323b757365725f69647c733a313a2231223b757365725f6e616d657c733a353a2261646d696e223b757365725f706173737c733a33323a223231323332663239376135376135613734333839346130653461383031666333223b757365725f6e616d617c733a343a22696b6568223b),
('s150ljeuun060qbntsdus67n78b8ljv4', '::1', 1537190566, 0x5f5f63695f6c6173745f726567656e65726174657c693a313533373139303339373b757365725f69647c733a313a2231223b757365725f6e616d657c733a353a2261646d696e223b757365725f706173737c733a33323a223231323332663239376135376135613734333839346130653461383031666333223b757365725f6e616d617c733a343a22696b6568223b),
('e8thdasnj4ojc9ku778emnl84rd29be0', '::1', 1537191202, 0x5f5f63695f6c6173745f726567656e65726174657c693a313533373139303931363b757365725f69647c733a313a2231223b757365725f6e616d657c733a353a2261646d696e223b757365725f706173737c733a33323a223231323332663239376135376135613734333839346130653461383031666333223b757365725f6e616d617c733a343a22696b6568223b),
('pnlpre3b0vfier58fdlcb64fd5q0pm4p', '::1', 1537191265, 0x5f5f63695f6c6173745f726567656e65726174657c693a313533373139313233373b757365725f69647c733a313a2231223b757365725f6e616d657c733a353a2261646d696e223b757365725f706173737c733a33323a223231323332663239376135376135613734333839346130653461383031666333223b757365725f6e616d617c733a343a22696b6568223b),
('sb5boal7jb9b0vo708m484d9njjpa88c', '::1', 1537191758, 0x5f5f63695f6c6173745f726567656e65726174657c693a313533373139313734393b757365725f69647c733a313a2231223b757365725f6e616d657c733a353a2261646d696e223b757365725f706173737c733a33323a223231323332663239376135376135613734333839346130653461383031666333223b757365725f6e616d617c733a343a22696b6568223b),
('mll076cfem5u584vv8adn6r7mfqvdr98', '::1', 1537192532, 0x5f5f63695f6c6173745f726567656e65726174657c693a313533373139323239323b757365725f69647c733a313a2231223b757365725f6e616d657c733a353a2261646d696e223b757365725f706173737c733a33323a223231323332663239376135376135613734333839346130653461383031666333223b757365725f6e616d617c733a343a22696b6568223b),
('pkp5tnp6lf5jrk7djkv5tpa8u1t5i9rl', '::1', 1537193123, 0x5f5f63695f6c6173745f726567656e65726174657c693a313533373139323832333b757365725f69647c733a313a2231223b757365725f6e616d657c733a353a2261646d696e223b757365725f706173737c733a33323a223231323332663239376135376135613734333839346130653461383031666333223b757365725f6e616d617c733a343a22696b6568223b),
('ol0cofn8h0qnm5lca6oc2pn6hf2uknh3', '::1', 1537193609, 0x5f5f63695f6c6173745f726567656e65726174657c693a313533373139333336373b757365725f69647c733a313a2231223b757365725f6e616d657c733a353a2261646d696e223b757365725f706173737c733a33323a223231323332663239376135376135613734333839346130653461383031666333223b757365725f6e616d617c733a343a22696b6568223b),
('4fembb8gs65vjpsp1m0r88cvm004pi2r', '::1', 1537193939, 0x5f5f63695f6c6173745f726567656e65726174657c693a313533373139333734303b757365725f69647c733a313a2231223b757365725f6e616d657c733a353a2261646d696e223b757365725f706173737c733a33323a223231323332663239376135376135613734333839346130653461383031666333223b757365725f6e616d617c733a343a22696b6568223b),
('i03keu4jg6lnsf7bnl203kgbl74c9ja5', '::1', 1537195028, 0x5f5f63695f6c6173745f726567656e65726174657c693a313533373139343733343b757365725f69647c733a313a2231223b757365725f6e616d657c733a353a2261646d696e223b757365725f706173737c733a33323a223231323332663239376135376135613734333839346130653461383031666333223b757365725f6e616d617c733a343a22696b6568223b),
('0f0kidd20a7hnksfj4t2kk5oge2k8aqr', '::1', 1537195210, 0x5f5f63695f6c6173745f726567656e65726174657c693a313533373139353034313b757365725f69647c733a313a2231223b757365725f6e616d657c733a353a2261646d696e223b757365725f706173737c733a33323a223231323332663239376135376135613734333839346130653461383031666333223b757365725f6e616d617c733a343a22696b6568223b),
('lv4b01bvo9pqe0rra2ql31rafm36ii1m', '::1', 1537196188, 0x5f5f63695f6c6173745f726567656e65726174657c693a313533373139353934333b757365725f69647c733a313a2231223b757365725f6e616d657c733a353a2261646d696e223b757365725f706173737c733a33323a223231323332663239376135376135613734333839346130653461383031666333223b757365725f6e616d617c733a343a22696b6568223b),
('a2rtn5eoqncrlarn7qcquabe9c55jf93', '::1', 1537196846, 0x5f5f63695f6c6173745f726567656e65726174657c693a313533373139363535303b),
('666g0qusa2f4u8h3f4f9clov9q5vf9jk', '::1', 1537197034, 0x5f5f63695f6c6173745f726567656e65726174657c693a313533373139363931333b757365725f69647c733a313a2231223b757365725f6e616d657c733a353a2261646d696e223b757365725f706173737c733a33323a223231323332663239376135376135613734333839346130653461383031666333223b757365725f6e616d617c733a343a22696b6568223b),
('2gr5an3bsd0rrh5m2i60rhf6dc0pgj75', '::1', 1537199537, 0x5f5f63695f6c6173745f726567656e65726174657c693a313533373139393533373b757365725f69647c733a313a2231223b757365725f6e616d657c733a353a2261646d696e223b757365725f706173737c733a33323a223231323332663239376135376135613734333839346130653461383031666333223b757365725f6e616d617c733a343a22696b6568223b),
('c2a0ippeeq3tkd2ij3ccr3m2p5ise7i3', '::1', 1537199732, 0x5f5f63695f6c6173745f726567656e65726174657c693a313533373139393533373b757365725f69647c733a313a2231223b757365725f6e616d657c733a353a2261646d696e223b757365725f706173737c733a33323a223231323332663239376135376135613734333839346130653461383031666333223b757365725f6e616d617c733a343a22696b6568223b),
('g4c1jav8s8fd9nsdcm3suanmr3rnmm7f', '::1', 1537200959, 0x5f5f63695f6c6173745f726567656e65726174657c693a313533373230303636323b757365725f69647c733a313a2231223b757365725f6e616d657c733a353a2261646d696e223b757365725f706173737c733a33323a223231323332663239376135376135613734333839346130653461383031666333223b757365725f6e616d617c733a343a22696b6568223b),
('cg0bdsm7g87jf2qoe8qqaqoqpjnqmgvr', '::1', 1537201127, 0x5f5f63695f6c6173745f726567656e65726174657c693a313533373230303937393b757365725f69647c733a313a2231223b757365725f6e616d657c733a353a2261646d696e223b757365725f706173737c733a33323a223231323332663239376135376135613734333839346130653461383031666333223b757365725f6e616d617c733a343a22696b6568223b),
('t22cg6sr3sknu14df35hs3iars3kqmpi', '::1', 1537201468, 0x5f5f63695f6c6173745f726567656e65726174657c693a313533373230313430303b757365725f69647c733a313a2231223b757365725f6e616d657c733a353a2261646d696e223b757365725f706173737c733a33323a223231323332663239376135376135613734333839346130653461383031666333223b757365725f6e616d617c733a343a22696b6568223b),
('o43llse2sib9doj22cpqlj156cttlms0', '::1', 1537235088, 0x5f5f63695f6c6173745f726567656e65726174657c693a313533373233343832373b757365725f69647c733a313a2231223b757365725f6e616d657c733a353a2261646d696e223b757365725f706173737c733a33323a223231323332663239376135376135613734333839346130653461383031666333223b757365725f6e616d617c733a343a22696b6568223b),
('98etfkidbet5qbmncuh7t50cob184jt9', '::1', 1537235390, 0x5f5f63695f6c6173745f726567656e65726174657c693a313533373233353135333b757365725f69647c733a313a2231223b757365725f6e616d657c733a353a2261646d696e223b757365725f706173737c733a33323a223231323332663239376135376135613734333839346130653461383031666333223b757365725f6e616d617c733a343a22696b6568223b),
('hamsm7ga9m9g7ekid1snoenb1qh6ug8o', '::1', 1537235681, 0x5f5f63695f6c6173745f726567656e65726174657c693a313533373233353439323b757365725f69647c733a313a2231223b757365725f6e616d657c733a353a2261646d696e223b757365725f706173737c733a33323a223231323332663239376135376135613734333839346130653461383031666333223b757365725f6e616d617c733a343a22696b6568223b),
('3mh6k48i5amq2rognke0ssnk8qttb7bi', '::1', 1537236277, 0x5f5f63695f6c6173745f726567656e65726174657c693a313533373233353939383b757365725f69647c733a313a2231223b757365725f6e616d657c733a353a2261646d696e223b757365725f706173737c733a33323a223231323332663239376135376135613734333839346130653461383031666333223b757365725f6e616d617c733a343a22696b6568223b),
('rduvbnonp5djs6bpddofscrmcfpin3lp', '::1', 1537236614, 0x5f5f63695f6c6173745f726567656e65726174657c693a313533373233363331373b757365725f69647c733a313a2231223b757365725f6e616d657c733a353a2261646d696e223b757365725f706173737c733a33323a223231323332663239376135376135613734333839346130653461383031666333223b757365725f6e616d617c733a343a22696b6568223b),
('bbbv8uu783qhd9it0vogapvhcuvtvr1j', '::1', 1537236880, 0x5f5f63695f6c6173745f726567656e65726174657c693a313533373233363632373b757365725f69647c733a313a2231223b757365725f6e616d657c733a353a2261646d696e223b757365725f706173737c733a33323a223231323332663239376135376135613734333839346130653461383031666333223b757365725f6e616d617c733a343a22696b6568223b),
('6mg8aasb2betqhn6onsd4gnvsvshtn6h', '::1', 1537238091, 0x5f5f63695f6c6173745f726567656e65726174657c693a313533373233373831373b757365725f69647c733a313a2231223b757365725f6e616d657c733a353a2261646d696e223b757365725f706173737c733a33323a223231323332663239376135376135613734333839346130653461383031666333223b757365725f6e616d617c733a343a22696b6568223b),
('ko68tc9pufdk0e62orp60f8l36j2p5ps', '::1', 1537238453, 0x5f5f63695f6c6173745f726567656e65726174657c693a313533373233383138363b757365725f69647c733a313a2231223b757365725f6e616d657c733a353a2261646d696e223b757365725f706173737c733a33323a223231323332663239376135376135613734333839346130653461383031666333223b757365725f6e616d617c733a343a22696b6568223b),
('12tkhi8fsgkja052ol9f167sotku5ehg', '::1', 1537238788, 0x5f5f63695f6c6173745f726567656e65726174657c693a313533373233383530353b757365725f69647c733a313a2231223b757365725f6e616d657c733a353a2261646d696e223b757365725f706173737c733a33323a223231323332663239376135376135613734333839346130653461383031666333223b757365725f6e616d617c733a343a22696b6568223b),
('e27l88uenrrlo0riutdegqpe25ktdbgl', '::1', 1537239094, 0x5f5f63695f6c6173745f726567656e65726174657c693a313533373233383832353b757365725f69647c733a313a2231223b757365725f6e616d657c733a353a2261646d696e223b757365725f706173737c733a33323a223231323332663239376135376135613734333839346130653461383031666333223b757365725f6e616d617c733a343a22696b6568223b),
('cijqgib96sq8j90d4tnra4sh208pr1um', '::1', 1537239856, 0x5f5f63695f6c6173745f726567656e65726174657c693a313533373233393537363b757365725f69647c733a313a2231223b757365725f6e616d657c733a353a2261646d696e223b757365725f706173737c733a33323a223231323332663239376135376135613734333839346130653461383031666333223b757365725f6e616d617c733a343a22696b6568223b),
('5l8tjl39dit31jmdes5b5fmuhhlkgr44', '::1', 1537240140, 0x5f5f63695f6c6173745f726567656e65726174657c693a313533373233393838323b757365725f69647c733a313a2231223b757365725f6e616d657c733a353a2261646d696e223b757365725f706173737c733a33323a223231323332663239376135376135613734333839346130653461383031666333223b757365725f6e616d617c733a343a22696b6568223b),
('98u75jh5q30hf4thq22tqtenlhjpu1ja', '::1', 1537241357, 0x5f5f63695f6c6173745f726567656e65726174657c693a313533373234313038323b757365725f69647c733a313a2231223b757365725f6e616d657c733a353a2261646d696e223b757365725f706173737c733a33323a223231323332663239376135376135613734333839346130653461383031666333223b757365725f6e616d617c733a343a22696b6568223b),
('1lh87491g4jupdadhqj6tk6v3rlvv3ag', '::1', 1537241400, 0x5f5f63695f6c6173745f726567656e65726174657c693a313533373234313339303b757365725f69647c733a313a2231223b757365725f6e616d657c733a353a2261646d696e223b757365725f706173737c733a33323a223231323332663239376135376135613734333839346130653461383031666333223b757365725f6e616d617c733a343a22696b6568223b),
('r9nd0c77r5nsokqqg2kp8sdaaneklvu8', '::1', 1537242654, 0x5f5f63695f6c6173745f726567656e65726174657c693a313533373234323335373b757365725f69647c733a313a2231223b757365725f6e616d657c733a353a2261646d696e223b757365725f706173737c733a33323a223231323332663239376135376135613734333839346130653461383031666333223b757365725f6e616d617c733a343a22696b6568223b),
('detllr63qovurc6vnnbndmvafv3a4ad3', '::1', 1537243079, 0x5f5f63695f6c6173745f726567656e65726174657c693a313533373234323836373b);

-- --------------------------------------------------------

--
-- Struktur dari tabel `tbl_users`
--

CREATE TABLE `tbl_users` (
  `id_user` int(150) NOT NULL,
  `nama_user` varchar(150) NOT NULL,
  `username` varchar(150) NOT NULL,
  `password` varchar(150) NOT NULL,
  `created_at` datetime NOT NULL,
  `updated_at` datetime NOT NULL
) ENGINE=InnoDB DEFAULT CHARSET=latin1;

--
-- Dumping data untuk tabel `tbl_users`
--

INSERT INTO `tbl_users` (`id_user`, `nama_user`, `username`, `password`, `created_at`, `updated_at`) VALUES
(1, 'ikeh', 'admin', '21232f297a57a5a743894a0e4a801fc3', '2017-02-21 04:14:16', '2017-03-06 13:42:37'),
(6, 'deni', 'ferdi', '9573534ee6a886f4831ac5bcdfe85565', '0000-00-00 00:00:00', '0000-00-00 00:00:00'),
(7, 'ManusiaIkan', 'manusiaikan', '21232f297a57a5a743894a0e4a801fc3', '0000-00-00 00:00:00', '0000-00-00 00:00:00'),
(15, 'bapa', 'aris', '8d7580fc562863f9d62e039a2a5c6597', '0000-00-00 00:00:00', '0000-00-00 00:00:00'),
(16, 'deni', 'dandi', 'b73fdaa1fb7669da760b49600c45d9be', '0000-00-00 00:00:00', '0000-00-00 00:00:00'),
(17, 'deni', 'dandi', 'b73fdaa1fb7669da760b49600c45d9be', '0000-00-00 00:00:00', '0000-00-00 00:00:00'),
(18, 'deni', 'dandi', 'b73fdaa1fb7669da760b49600c45d9be', '0000-00-00 00:00:00', '0000-00-00 00:00:00'),
(19, 'deni', 'deni', '561777a1147b41c1f625146a9acf4abe', '0000-00-00 00:00:00', '0000-00-00 00:00:00'),
(20, 'ok', 'ok', '444bcb3a3fcf8389296c49467f27e1d6', '0000-00-00 00:00:00', '0000-00-00 00:00:00');

--
-- Indexes for dumped tables
--

--
-- Indexes for table `anggota_piket`
--
ALTER TABLE `anggota_piket`
  ADD PRIMARY KEY (`id`);

--
-- Indexes for table `events`
--
ALTER TABLE `events`
  ADD PRIMARY KEY (`id`);

--
-- Indexes for table `jadwal`
--
ALTER TABLE `jadwal`
  ADD PRIMARY KEY (`kalender_view`);

--
-- Indexes for table `lokasi`
--
ALTER TABLE `lokasi`
  ADD PRIMARY KEY (`id`);

--
-- Indexes for table `personal`
--
ALTER TABLE `personal`
  ADD PRIMARY KEY (`nrp`);

--
-- Indexes for table `piket`
--
ALTER TABLE `piket`
  ADD PRIMARY KEY (`nrp`);

--
-- Indexes for table `tbl_users`
--
ALTER TABLE `tbl_users`
  ADD PRIMARY KEY (`id_user`);

--
-- AUTO_INCREMENT for dumped tables
--

--
-- AUTO_INCREMENT for table `anggota_piket`
--
ALTER TABLE `anggota_piket`
  MODIFY `id` int(11) NOT NULL AUTO_INCREMENT, AUTO_INCREMENT=40;
--
-- AUTO_INCREMENT for table `events`
--
ALTER TABLE `events`
  MODIFY `id` int(11) NOT NULL AUTO_INCREMENT, AUTO_INCREMENT=12330;
--
-- AUTO_INCREMENT for table `lokasi`
--
ALTER TABLE `lokasi`
  MODIFY `id` int(11) NOT NULL AUTO_INCREMENT, AUTO_INCREMENT=7;
--
-- AUTO_INCREMENT for table `tbl_users`
--
ALTER TABLE `tbl_users`
  MODIFY `id_user` int(150) NOT NULL AUTO_INCREMENT, AUTO_INCREMENT=21;
/*!40101 SET CHARACTER_SET_CLIENT=@OLD_CHARACTER_SET_CLIENT */;
/*!40101 SET CHARACTER_SET_RESULTS=@OLD_CHARACTER_SET_RESULTS */;
/*!40101 SET COLLATION_CONNECTION=@OLD_COLLATION_CONNECTION */;
